defense,target_fpr,qid,final_score,detector_calls,evaded
D1_3feat_tiny,0.001,238,0.4072691258640389,33,True
D1_3feat_tiny,0.001,775,0.29913927638347837,49,True
D1_3feat_tiny,0.001,1137,0.4401272977732138,17,True
D1_3feat_tiny,0.001,715,0.2991384505251423,33,True
D1_3feat_tiny,0.001,993,0.48139711484598624,25,True
D1_3feat_tiny,0.001,1352,0.4715420118482276,49,True
D1_3feat_tiny,0.001,1021,0.29749525324375603,33,True
D1_3feat_tiny,0.001,636,0.44948226350667303,33,True
D1_3feat_tiny,0.001,1337,0.45126941221479316,33,True
D1_3feat_tiny,0.001,936,0.4769754221564009,17,True
D1_3feat_tiny,0.001,1336,0.3038009278887367,33,True
D1_3feat_tiny,0.001,882,0.5074996596704279,33,True
D1_3feat_tiny,0.001,1146,0.5403024741763037,33,True
D1_3feat_tiny,0.001,421,0.36634896076651274,33,True
D1_3feat_tiny,0.001,784,0.3223605564513745,25,True
D1_3feat_tiny,0.001,216,0.30183474333314037,33,True
D1_3feat_tiny,0.001,1368,0.4733734911510862,41,True
D1_3feat_tiny,0.001,185,0.3082519303246017,33,True
D1_3feat_tiny,0.001,975,0.5177836868223542,9,True
D1_3feat_tiny,0.001,1014,0.4871380390182117,17,True
D1_3feat_tiny,0.001,808,0.5044450209991427,25,True
D1_3feat_tiny,0.001,770,0.32669060279033174,33,True
D1_3feat_tiny,0.001,598,0.34141286162712675,33,True
D1_3feat_tiny,0.001,660,0.4965173432616438,33,True
D1_3feat_tiny,0.001,350,0.2987284563762899,57,True
D1_3feat_tiny,0.001,693,0.4854500581204537,33,True
D1_3feat_tiny,0.001,132,0.46144344748837807,33,True
D1_3feat_tiny,0.001,127,0.45535662258607085,25,True
D1_3feat_tiny,0.001,410,0.30685770638913973,41,True
D1_3feat_tiny,0.001,232,0.30216302270745504,49,True
D1_3feat_tiny,0.001,219,0.3993272499989938,41,True
D1_3feat_tiny,0.001,217,0.470399026957573,17,True
D1_3feat_tiny,0.001,115,0.3074329630292281,65,True
D1_3feat_tiny,0.001,324,0.4642876974402186,33,True
D1_3feat_tiny,0.001,619,0.33276404466959053,41,True
D1_3feat_tiny,0.001,1199,0.43763468982437487,25,True
D1_3feat_tiny,0.001,1319,0.4598889597901805,25,True
D1_3feat_tiny,0.001,236,0.3440216202529841,33,True
D1_3feat_tiny,0.001,873,0.5678219535540827,25,True
D1_3feat_tiny,0.001,113,0.3438639715615104,33,True
D1_3feat_tiny,0.001,279,0.3373228241816811,49,True
D1_3feat_tiny,0.001,729,0.5290279258452703,33,True
D1_3feat_tiny,0.001,759,0.3277727855923055,33,True
D1_3feat_tiny,0.001,1163,0.3419284207987057,57,True
D1_3feat_tiny,0.001,72,0.4780003205265326,49,True
D1_3feat_tiny,0.001,1099,0.2918095772866218,41,True
D1_3feat_tiny,0.001,1274,0.33578894967973666,41,True
D1_3feat_tiny,0.001,1241,0.41174334769545945,25,True
D1_3feat_tiny,0.001,1107,0.47983539685442206,41,True
D1_3feat_tiny,0.001,985,0.3785371652185254,33,True
D1_3feat_tiny,0.001,70,0.32203419134218664,57,True
D1_3feat_tiny,0.001,1179,0.4341170411402512,33,True
D1_3feat_tiny,0.001,57,0.30335261758025417,33,True
D1_3feat_tiny,0.001,1086,0.3431038283614797,33,True
D1_3feat_tiny,0.001,832,0.32885357277178046,41,True
D1_3feat_tiny,0.001,507,0.31116171893412425,33,True
D1_3feat_tiny,0.001,118,0.3154694491884881,49,True
D1_3feat_tiny,0.001,514,0.395633338309384,33,True
D1_3feat_tiny,0.001,1104,0.31555619114608857,41,True
D1_3feat_tiny,0.001,452,0.4234165494425205,33,True
D1_3feat_tiny,0.01,238,0.4072691258640389,33,True
D1_3feat_tiny,0.01,775,0.29913927638347837,49,True
D1_3feat_tiny,0.01,1137,0.4401272977732138,17,True
D1_3feat_tiny,0.01,715,0.2991384505251423,33,True
D1_3feat_tiny,0.01,993,0.48139711484598624,25,True
D1_3feat_tiny,0.01,1352,0.4715420118482276,49,True
D1_3feat_tiny,0.01,1021,0.29749525324375603,33,True
D1_3feat_tiny,0.01,636,0.44948226350667303,33,True
D1_3feat_tiny,0.01,1337,0.45126941221479316,33,True
D1_3feat_tiny,0.01,936,0.4769754221564009,17,True
D1_3feat_tiny,0.01,1336,0.2584725645217276,41,True
D1_3feat_tiny,0.01,882,0.5074996596704279,33,True
D1_3feat_tiny,0.01,1146,0.5403024741763037,33,True
D1_3feat_tiny,0.01,421,0.36634896076651274,33,True
D1_3feat_tiny,0.01,784,0.27529247897550363,33,True
D1_3feat_tiny,0.01,216,0.30183474333314037,33,True
D1_3feat_tiny,0.01,1368,0.4733734911510862,41,True
D1_3feat_tiny,0.01,185,0.26494702640279955,41,True
D1_3feat_tiny,0.01,975,0.5177836868223542,9,True
D1_3feat_tiny,0.01,1014,0.4871380390182117,17,True
D1_3feat_tiny,0.01,808,0.5044450209991427,25,True
D1_3feat_tiny,0.01,770,0.27931720732074694,41,True
D1_3feat_tiny,0.01,598,0.2928330829858842,41,True
D1_3feat_tiny,0.01,660,0.4965173432616438,33,True
D1_3feat_tiny,0.01,350,0.2987284563762899,57,True
D1_3feat_tiny,0.01,693,0.4854500581204537,33,True
D1_3feat_tiny,0.01,132,0.46144344748837807,33,True
D1_3feat_tiny,0.01,127,0.45535662258607085,25,True
D1_3feat_tiny,0.01,410,0.26230624878285214,49,True
D1_3feat_tiny,0.01,232,0.30216302270745504,49,True
D1_3feat_tiny,0.01,219,0.3993272499989938,41,True
D1_3feat_tiny,0.01,217,0.470399026957573,17,True
D1_3feat_tiny,0.01,115,0.2617664414160504,73,True
D1_3feat_tiny,0.01,324,0.4642876974402186,33,True
D1_3feat_tiny,0.01,619,0.2848825748298688,49,True
D1_3feat_tiny,0.01,1199,0.43763468982437487,25,True
D1_3feat_tiny,0.01,1319,0.4598889597901805,25,True
D1_3feat_tiny,0.01,236,0.3440216202529841,41,True
D1_3feat_tiny,0.01,873,0.5678219535540827,25,True
D1_3feat_tiny,0.01,113,0.2950916958300801,41,True
D1_3feat_tiny,0.01,279,0.2890695768095158,57,True
D1_3feat_tiny,0.01,729,0.5290279258452703,33,True
D1_3feat_tiny,0.01,759,0.2803077937773895,41,True
D1_3feat_tiny,0.01,1163,0.29330795420362415,65,True
D1_3feat_tiny,0.01,72,0.4780003205265326,49,True
D1_3feat_tiny,0.01,1099,0.2918095772866218,41,True
D1_3feat_tiny,0.01,1274,0.28765987323915604,49,True
D1_3feat_tiny,0.01,1241,0.41174334769545945,25,True
D1_3feat_tiny,0.01,1107,0.47983539685442206,41,True
D1_3feat_tiny,0.01,985,0.3785371652185254,33,True
D1_3feat_tiny,0.01,70,0.27506017878176314,65,True
D1_3feat_tiny,0.01,1179,0.4341170411402512,33,True
D1_3feat_tiny,0.01,57,0.2580663493493646,41,True
D1_3feat_tiny,0.01,1086,0.29439099422485393,41,True
D1_3feat_tiny,0.01,832,0.28129756380871995,49,True
D1_3feat_tiny,0.01,507,0.26515337687450313,41,True
D1_3feat_tiny,0.01,118,0.26907296731212804,57,True
D1_3feat_tiny,0.01,514,0.395633338309384,33,True
D1_3feat_tiny,0.01,1104,0.26915196807082187,49,True
D1_3feat_tiny,0.01,452,0.4234165494425205,33,True
D1_3feat_tiny,0.05,238,0.4072691258640389,33,True
D1_3feat_tiny,0.05,775,0.21404401374155183,65,True
D1_3feat_tiny,0.05,1137,0.4401272977732138,17,True
D1_3feat_tiny,0.05,715,0.21350325805524464,49,True
D1_3feat_tiny,0.05,993,0.48139711484598624,25,True
D1_3feat_tiny,0.05,1352,0.4715420118482276,49,True
D1_3feat_tiny,0.05,1021,0.21272571336098886,49,True
D1_3feat_tiny,0.05,636,0.44948226350667303,33,True
D1_3feat_tiny,0.05,1337,0.45126941221479316,33,True
D1_3feat_tiny,0.05,936,0.4769754221564009,17,True
D1_3feat_tiny,0.05,1336,0.21779165881526033,49,True
D1_3feat_tiny,0.05,882,0.5074996596704279,33,False
D1_3feat_tiny,0.05,1146,0.5403024741763037,33,False
D1_3feat_tiny,0.05,421,0.36634896076651274,33,True
D1_3feat_tiny,0.05,784,0.23279538099883723,41,True
D1_3feat_tiny,0.05,216,0.2066289329712034,57,True
D1_3feat_tiny,0.05,1368,0.4733734911510862,41,True
D1_3feat_tiny,0.05,185,0.21896681037316923,49,True
D1_3feat_tiny,0.05,975,0.5177836868223542,9,False
D1_3feat_tiny,0.05,1014,0.4871380390182117,17,True
D1_3feat_tiny,0.05,808,0.5044450209991427,25,False
D1_3feat_tiny,0.05,770,0.23422588019637788,49,True
D1_3feat_tiny,0.05,598,0.20899678197032948,57,True
D1_3feat_tiny,0.05,660,0.4965173432616438,33,False
D1_3feat_tiny,0.05,350,0.24123141335347761,73,True
D1_3feat_tiny,0.05,693,0.4854500581204537,33,True
D1_3feat_tiny,0.05,132,0.46144344748837807,33,True
D1_3feat_tiny,0.05,127,0.45535662258607085,25,True
D1_3feat_tiny,0.05,410,0.21718512961215372,57,True
D1_3feat_tiny,0.05,232,0.21859971331496986,65,True
D1_3feat_tiny,0.05,219,0.3993272499989938,41,True
D1_3feat_tiny,0.05,217,0.470399026957573,17,True
D1_3feat_tiny,0.05,115,0.20963144277417806,89,True
D1_3feat_tiny,0.05,324,0.4642876974402186,33,True
D1_3feat_tiny,0.05,619,0.2289159648457565,65,True
D1_3feat_tiny,0.05,1199,0.43763468982437487,25,True
D1_3feat_tiny,0.05,1319,0.4598889597901805,25,True
D1_3feat_tiny,0.05,236,0.3440216202529841,41,True
D1_3feat_tiny,0.05,873,0.5678219535540827,25,False
D1_3feat_tiny,0.05,113,0.21080152288654477,57,True
D1_3feat_tiny,0.05,279,0.20599687903957528,73,True
D1_3feat_tiny,0.05,729,0.5290279258452703,33,False
D1_3feat_tiny,0.05,759,0.20451040781848553,57,True
D1_3feat_tiny,0.05,1163,0.2386655022206668,81,True
D1_3feat_tiny,0.05,72,0.4780003205265326,49,True
D1_3feat_tiny,0.05,1099,0.2081800376523742,57,True
D1_3feat_tiny,0.05,1274,0.2438961296780135,57,True
D1_3feat_tiny,0.05,1241,0.41174334769545945,25,True
D1_3feat_tiny,0.05,1107,0.47983539685442206,41,True
D1_3feat_tiny,0.05,985,0.3785371652185254,33,True
D1_3feat_tiny,0.05,70,0.2325874321428779,73,True
D1_3feat_tiny,0.05,1179,0.4341170411402512,33,True
D1_3feat_tiny,0.05,57,0.21743063096343476,49,True
D1_3feat_tiny,0.05,1086,0.21024127505323176,57,True
D1_3feat_tiny,0.05,832,0.23817812199351002,57,True
D1_3feat_tiny,0.05,507,0.21809385279060176,49,True
D1_3feat_tiny,0.05,118,0.22723493335151038,65,True
D1_3feat_tiny,0.05,514,0.395633338309384,33,True
D1_3feat_tiny,0.05,1104,0.22730547036162538,57,True
D1_3feat_tiny,0.05,452,0.4234165494425205,33,True
D1b_3feat_trained,0.001,238,0.4205648347711464,9,True
D1b_3feat_trained,0.001,775,0.4287861578218496,9,True
D1b_3feat_trained,0.001,1137,0.4233552053698367,9,True
D1b_3feat_trained,0.001,715,0.4352047262566151,9,True
D1b_3feat_trained,0.001,993,0.4366544840536067,33,True
D1b_3feat_trained,0.001,1352,0.4399499547512929,17,True
D1b_3feat_trained,0.001,1021,0.40536947233354303,9,True
D1b_3feat_trained,0.001,636,0.4221782703983328,9,True
D1b_3feat_trained,0.001,1337,0.4382526411657343,9,True
D1b_3feat_trained,0.001,936,0.4252643027142695,9,True
D1b_3feat_trained,0.001,1336,0.4308588630598262,17,True
D1b_3feat_trained,0.001,882,0.45147015871381424,33,True
D1b_3feat_trained,0.001,1146,0.48054523260040005,17,True
D1b_3feat_trained,0.001,421,0.4311170438709691,17,True
D1b_3feat_trained,0.001,784,0.43236671492312995,9,True
D1b_3feat_trained,0.001,216,0.409161311781506,9,True
D1b_3feat_trained,0.001,1368,0.4427187561288746,25,True
D1b_3feat_trained,0.001,185,0.43376025669836554,17,True
D1b_3feat_trained,0.001,975,0.43146051469864366,9,True
D1b_3feat_trained,0.001,1014,0.42280051526770124,9,True
D1b_3feat_trained,0.001,808,0.43936698680471264,9,True
D1b_3feat_trained,0.001,770,0.4368331054966984,17,True
D1b_3feat_trained,0.001,598,0.4336379995410878,25,True
D1b_3feat_trained,0.001,660,0.4322463618822191,25,True
D1b_3feat_trained,0.001,350,0.4397990397141212,9,True
D1b_3feat_trained,0.001,693,0.46020403210400623,25,True
D1b_3feat_trained,0.001,132,0.4241378648972171,9,True
D1b_3feat_trained,0.001,127,0.4168267842143099,9,True
D1b_3feat_trained,0.001,410,0.45300095687736625,25,True
D1b_3feat_trained,0.001,232,0.4339602055866357,41,True
D1b_3feat_trained,0.001,219,0.42469549410167673,9,True
D1b_3feat_trained,0.001,217,0.3952686576863229,9,True
D1b_3feat_trained,0.001,115,0.4290263385321555,57,True
D1b_3feat_trained,0.001,324,0.42989204328547087,25,True
D1b_3feat_trained,0.001,619,0.42621327473846665,25,True
D1b_3feat_trained,0.001,1199,0.41218176860646505,17,True
D1b_3feat_trained,0.001,1319,0.4008085622149306,9,True
D1b_3feat_trained,0.001,236,0.4183019562358981,9,True
D1b_3feat_trained,0.001,873,0.44522673726982903,17,True
D1b_3feat_trained,0.001,113,0.4393894953334987,25,True
D1b_3feat_trained,0.001,279,0.4554482074223396,17,True
D1b_3feat_trained,0.001,729,0.4418772683153331,9,True
D1b_3feat_trained,0.001,759,0.4396014128546899,9,True
D1b_3feat_trained,0.001,1163,0.43737987119832916,49,True
D1b_3feat_trained,0.001,72,0.44009644239130746,57,True
D1b_3feat_trained,0.001,1099,0.43629448762688916,9,True
D1b_3feat_trained,0.001,1274,0.4341645736983252,25,True
D1b_3feat_trained,0.001,1241,0.4224286326357913,17,True
D1b_3feat_trained,0.001,1107,0.4355905938006047,49,True
D1b_3feat_trained,0.001,985,0.4066411468709547,9,True
D1b_3feat_trained,0.001,70,0.4098595671197151,9,True
D1b_3feat_trained,0.001,1179,0.43784305096622517,17,True
D1b_3feat_trained,0.001,57,0.4216009474859746,9,True
D1b_3feat_trained,0.001,1086,0.4343241436221614,25,True
D1b_3feat_trained,0.001,832,0.4380265229730162,9,True
D1b_3feat_trained,0.001,507,0.4312990062590569,17,True
D1b_3feat_trained,0.001,118,0.45183582085512114,17,True
D1b_3feat_trained,0.001,514,0.42012270040034894,25,True
D1b_3feat_trained,0.001,1104,0.4247104774392686,33,True
D1b_3feat_trained,0.001,452,0.4284220382521628,9,True
D1b_3feat_trained,0.01,238,0.4205648347711464,9,True
D1b_3feat_trained,0.01,775,0.4287861578218496,9,True
D1b_3feat_trained,0.01,1137,0.4233552053698367,9,True
D1b_3feat_trained,0.01,715,0.4012975380073032,17,True
D1b_3feat_trained,0.01,993,0.4366544688994753,49,True
D1b_3feat_trained,0.01,1352,0.43076801985845065,33,True
D1b_3feat_trained,0.01,1021,0.40536947233354303,9,True
D1b_3feat_trained,0.01,636,0.4221782703983328,9,True
D1b_3feat_trained,0.01,1337,0.4382526411657343,17,True
D1b_3feat_trained,0.01,936,0.4252643027142695,9,True
D1b_3feat_trained,0.01,1336,0.41408798948491776,25,True
D1b_3feat_trained,0.01,882,0.45147015871381424,33,True
D1b_3feat_trained,0.01,1146,0.48054523260040005,17,True
D1b_3feat_trained,0.01,421,0.4311170438709691,25,True
D1b_3feat_trained,0.01,784,0.41862084012944767,17,True
D1b_3feat_trained,0.01,216,0.409161311781506,9,True
D1b_3feat_trained,0.01,1368,0.4427187561288746,25,True
D1b_3feat_trained,0.01,185,0.42204226283369106,25,True
D1b_3feat_trained,0.01,975,0.4279680313453986,17,True
D1b_3feat_trained,0.01,1014,0.42280051526770124,9,True
D1b_3feat_trained,0.01,808,0.4337050809312799,25,True
D1b_3feat_trained,0.01,770,0.4081411946989931,25,True
D1b_3feat_trained,0.01,598,0.42162120937003217,33,True
D1b_3feat_trained,0.01,660,0.4322463618822191,33,True
D1b_3feat_trained,0.01,350,0.4397990397141212,17,True
D1b_3feat_trained,0.01,693,0.46020403210400623,25,True
D1b_3feat_trained,0.01,132,0.4241378648972171,9,True
D1b_3feat_trained,0.01,127,0.4168267842143099,9,True
D1b_3feat_trained,0.01,410,0.45300095687736625,25,True
D1b_3feat_trained,0.01,232,0.4201456727570951,49,True
D1b_3feat_trained,0.01,219,0.42469549410167673,9,True
D1b_3feat_trained,0.01,217,0.3952686576863229,9,True
D1b_3feat_trained,0.01,115,0.4290263385321555,57,True
D1b_3feat_trained,0.01,324,0.42989204328547087,25,True
D1b_3feat_trained,0.01,619,0.42621327473846665,25,True
D1b_3feat_trained,0.01,1199,0.41218176860646505,17,True
D1b_3feat_trained,0.01,1319,0.4008085622149306,9,True
D1b_3feat_trained,0.01,236,0.4183019562358981,9,True
D1b_3feat_trained,0.01,873,0.44522673726982903,17,True
D1b_3feat_trained,0.01,113,0.4211643264751705,41,True
D1b_3feat_trained,0.01,279,0.4554482074223396,17,True
D1b_3feat_trained,0.01,729,0.4418772683153331,9,True
D1b_3feat_trained,0.01,759,0.42648556281005173,17,True
D1b_3feat_trained,0.01,1163,0.42114450249672264,57,True
D1b_3feat_trained,0.01,72,0.44009644239130746,57,True
D1b_3feat_trained,0.01,1099,0.43629448762688916,17,True
D1b_3feat_trained,0.01,1274,0.4088162192845054,33,True
D1b_3feat_trained,0.01,1241,0.4224286326357913,17,True
D1b_3feat_trained,0.01,1107,0.4294033695003191,57,True
D1b_3feat_trained,0.01,985,0.4066411468709547,9,True
D1b_3feat_trained,0.01,70,0.4098595671197151,9,True
D1b_3feat_trained,0.01,1179,0.429730610588517,25,True
D1b_3feat_trained,0.01,57,0.4216009474859746,9,True
D1b_3feat_trained,0.01,1086,0.41443435709440757,33,True
D1b_3feat_trained,0.01,832,0.4214355683547052,25,True
D1b_3feat_trained,0.01,507,0.40151467935608726,25,True
D1b_3feat_trained,0.01,118,0.45183582085512114,17,True
D1b_3feat_trained,0.01,514,0.42012270040034894,25,True
D1b_3feat_trained,0.01,1104,0.4247104774392686,33,True
D1b_3feat_trained,0.01,452,0.4284220382521628,9,True
D1b_3feat_trained,0.05,238,0.4003755300864622,25,True
D1b_3feat_trained,0.05,775,0.41813347794477707,25,True
D1b_3feat_trained,0.05,1137,0.40000463128382757,33,True
D1b_3feat_trained,0.05,715,0.24551336091975742,119,True
D1b_3feat_trained,0.05,993,0.4366544688994753,49,True
D1b_3feat_trained,0.05,1352,0.43076801985845065,33,True
D1b_3feat_trained,0.05,1021,0.40536947233354303,17,True
D1b_3feat_trained,0.05,636,0.4221782603795083,25,True
D1b_3feat_trained,0.05,1337,0.4382526411657343,17,True
D1b_3feat_trained,0.05,936,0.4252643027142695,17,True
D1b_3feat_trained,0.05,1336,0.41167930838658634,41,True
D1b_3feat_trained,0.05,882,0.45147015871381424,33,True
D1b_3feat_trained,0.05,1146,0.48054523260040005,17,True
D1b_3feat_trained,0.05,421,0.4311170438709691,25,True
D1b_3feat_trained,0.05,784,0.25779130213367446,115,True
D1b_3feat_trained,0.05,216,0.24315807636150794,112,True
D1b_3feat_trained,0.05,1368,0.4427187561288746,25,True
D1b_3feat_trained,0.05,185,0.2563022574156474,129,True
D1b_3feat_trained,0.05,975,0.4279680313453986,25,True
D1b_3feat_trained,0.05,1014,0.42280051526770124,17,True
D1b_3feat_trained,0.05,808,0.4337050809312799,25,True
D1b_3feat_trained,0.05,770,0.2538067873715815,111,True
D1b_3feat_trained,0.05,598,0.28178966652766957,114,True
D1b_3feat_trained,0.05,660,0.4322463618822191,33,True
D1b_3feat_trained,0.05,350,0.4397990397141212,17,True
D1b_3feat_trained,0.05,693,0.46020403210400623,25,True
D1b_3feat_trained,0.05,132,0.39172851960786625,65,True
D1b_3feat_trained,0.05,127,0.4168267842143099,17,True
D1b_3feat_trained,0.05,410,0.45300095687736625,25,True
D1b_3feat_trained,0.05,232,0.2917124661134659,119,True
D1b_3feat_trained,0.05,219,0.40846171488963967,33,True
D1b_3feat_trained,0.05,217,0.3952686576863229,17,True
D1b_3feat_trained,0.05,115,0.29974933816566013,140,True
D1b_3feat_trained,0.05,324,0.42989204328547087,33,True
D1b_3feat_trained,0.05,619,0.27153931103239975,123,True
D1b_3feat_trained,0.05,1199,0.41218176860646505,25,True
D1b_3feat_trained,0.05,1319,0.4008085622149306,17,True
D1b_3feat_trained,0.05,236,0.24193625338262462,117,True
D1b_3feat_trained,0.05,873,0.44522673726982903,17,True
D1b_3feat_trained,0.05,113,0.29678694414835055,110,True
D1b_3feat_trained,0.05,279,0.4554482074223396,17,True
D1b_3feat_trained,0.05,729,0.4418772683153331,9,True
D1b_3feat_trained,0.05,759,0.2679831583153082,133,True
D1b_3feat_trained,0.05,1163,0.28335945495543924,149,True
D1b_3feat_trained,0.05,72,0.44009644239130746,57,True
D1b_3feat_trained,0.05,1099,0.43629448762688916,17,True
D1b_3feat_trained,0.05,1274,0.27430931657056185,119,True
D1b_3feat_trained,0.05,1241,0.4224286326357913,25,True
D1b_3feat_trained,0.05,1107,0.4230273880903137,73,True
D1b_3feat_trained,0.05,985,0.4066411468709547,17,True
D1b_3feat_trained,0.05,70,0.38449358435597863,57,True
D1b_3feat_trained,0.05,1179,0.42537605157922825,41,True
D1b_3feat_trained,0.05,57,0.24917503282842637,127,True
D1b_3feat_trained,0.05,1086,0.2861428437279311,107,True
D1b_3feat_trained,0.05,832,0.40588601567430854,49,True
D1b_3feat_trained,0.05,507,0.26268034283546676,113,True
D1b_3feat_trained,0.05,118,0.45183582085512114,17,True
D1b_3feat_trained,0.05,514,0.2800208405606505,115,True
D1b_3feat_trained,0.05,1104,0.28197974218760374,125,True
D1b_3feat_trained,0.05,452,0.4284220382521628,17,True
D2_embed_probe,0.001,238,0.06410648979436602,9,True
D2_embed_probe,0.001,775,0.005070582217276585,9,True
D2_embed_probe,0.001,1137,0.009677243634186919,9,True
D2_embed_probe,0.001,715,0.021951924641536728,9,True
D2_embed_probe,0.001,993,0.01425164013539364,9,True
D2_embed_probe,0.001,1352,0.014287553080839926,9,True
D2_embed_probe,0.001,1021,0.005909713315477478,9,True
D2_embed_probe,0.001,636,0.006473171836113199,9,True
D2_embed_probe,0.001,1337,0.013571386114977376,9,True
D2_embed_probe,0.001,936,0.020137504645693857,9,True
D2_embed_probe,0.001,1336,0.004422576607048013,9,True
D2_embed_probe,0.001,882,0.09045881822989273,9,True
D2_embed_probe,0.001,1146,0.014700388295549623,9,True
D2_embed_probe,0.001,421,0.00914673875800419,9,True
D2_embed_probe,0.001,784,0.00732222313395662,9,True
D2_embed_probe,0.001,216,0.011211516925404072,9,True
D2_embed_probe,0.001,1368,0.011466739059730535,9,True
D2_embed_probe,0.001,185,0.009597075479429519,9,True
D2_embed_probe,0.001,975,0.021141471889715713,9,True
D2_embed_probe,0.001,1014,0.006872389276701377,9,True
D2_embed_probe,0.001,808,0.38801679796116706,25,False
D2_embed_probe,0.001,770,0.012011195302348392,9,True
D2_embed_probe,0.001,598,0.008179306028863102,9,True
D2_embed_probe,0.001,660,0.04995481593899583,9,True
D2_embed_probe,0.001,350,0.0391507300935082,9,True
D2_embed_probe,0.001,693,0.06010334211884602,9,True
D2_embed_probe,0.001,132,0.04428285600149784,9,True
D2_embed_probe,0.001,127,0.008750600136029843,9,True
D2_embed_probe,0.001,410,0.009634826318494652,9,True
D2_embed_probe,0.001,232,0.024355729386130443,9,True
D2_embed_probe,0.001,219,0.00927897723776116,9,True
D2_embed_probe,0.001,217,0.008304759468392212,9,True
D2_embed_probe,0.001,115,0.11783867879556367,9,True
D2_embed_probe,0.001,324,0.10799386127062145,25,True
D2_embed_probe,0.001,619,0.003825907062359865,9,True
D2_embed_probe,0.001,1199,0.06252135517204213,9,True
D2_embed_probe,0.001,1319,0.005839061764006164,9,True
D2_embed_probe,0.001,236,0.059117737904857574,9,True
D2_embed_probe,0.001,873,0.021016744770306107,9,True
D2_embed_probe,0.001,113,0.012479544923888617,9,True
D2_embed_probe,0.001,279,0.04283916951246552,9,True
D2_embed_probe,0.001,729,0.025262024861436264,9,True
D2_embed_probe,0.001,759,0.014749232711695185,9,True
D2_embed_probe,0.001,1163,0.02405252008126316,9,True
D2_embed_probe,0.001,72,0.06295502555135311,9,True
D2_embed_probe,0.001,1099,0.03183468151600452,9,True
D2_embed_probe,0.001,1274,0.09067346936703588,17,True
D2_embed_probe,0.001,1241,0.01782334170907079,9,True
D2_embed_probe,0.001,1107,0.09096021524543052,9,True
D2_embed_probe,0.001,985,0.04483043693850373,9,True
D2_embed_probe,0.001,70,0.007490562111689754,9,True
D2_embed_probe,0.001,1179,0.08888933471153845,9,True
D2_embed_probe,0.001,57,0.007236852962185429,9,True
D2_embed_probe,0.001,1086,0.029750419819871272,9,True
D2_embed_probe,0.001,832,0.018928016139353816,9,True
D2_embed_probe,0.001,507,0.025855417634028238,9,True
D2_embed_probe,0.001,118,0.14168636726946743,17,True
D2_embed_probe,0.001,514,0.013197409444933922,9,True
D2_embed_probe,0.001,1104,0.011350311918201662,9,True
D2_embed_probe,0.001,452,0.007546920790299253,9,True
D2_embed_probe,0.01,238,0.06410648979436602,9,True
D2_embed_probe,0.01,775,0.005070582217276585,9,True
D2_embed_probe,0.01,1137,0.009677243634186919,9,True
D2_embed_probe,0.01,715,0.021951924641536728,9,True
D2_embed_probe,0.01,993,0.01425164013539364,9,True
D2_embed_probe,0.01,1352,0.014287553080839926,9,True
D2_embed_probe,0.01,1021,0.005909713315477478,9,True
D2_embed_probe,0.01,636,0.006473171836113199,9,True
D2_embed_probe,0.01,1337,0.013571386114977376,9,True
D2_embed_probe,0.01,936,0.020137504645693857,9,True
D2_embed_probe,0.01,1336,0.004422576607048013,9,True
D2_embed_probe,0.01,882,0.09045881822989273,9,True
D2_embed_probe,0.01,1146,0.014700388295549623,9,True
D2_embed_probe,0.01,421,0.00914673875800419,9,True
D2_embed_probe,0.01,784,0.00732222313395662,9,True
D2_embed_probe,0.01,216,0.011211516925404072,9,True
D2_embed_probe,0.01,1368,0.011466739059730535,9,True
D2_embed_probe,0.01,185,0.009597075479429519,9,True
D2_embed_probe,0.01,975,0.021141471889715713,9,True
D2_embed_probe,0.01,1014,0.006872389276701377,9,True
D2_embed_probe,0.01,808,0.38801679796116706,25,False
D2_embed_probe,0.01,770,0.012011195302348392,9,True
D2_embed_probe,0.01,598,0.008179306028863102,9,True
D2_embed_probe,0.01,660,0.04995481593899583,9,True
D2_embed_probe,0.01,350,0.0391507300935082,9,True
D2_embed_probe,0.01,693,0.06010334211884602,9,True
D2_embed_probe,0.01,132,0.04428285600149784,9,True
D2_embed_probe,0.01,127,0.008750600136029843,9,True
D2_embed_probe,0.01,410,0.009634826318494652,9,True
D2_embed_probe,0.01,232,0.024355729386130443,9,True
D2_embed_probe,0.01,219,0.00927897723776116,9,True
D2_embed_probe,0.01,217,0.008304759468392212,9,True
D2_embed_probe,0.01,115,0.11783867879556367,17,True
D2_embed_probe,0.01,324,0.10799386127062145,33,True
D2_embed_probe,0.01,619,0.003825907062359865,9,True
D2_embed_probe,0.01,1199,0.06252135517204213,9,True
D2_embed_probe,0.01,1319,0.005839061764006164,9,True
D2_embed_probe,0.01,236,0.059117737904857574,9,True
D2_embed_probe,0.01,873,0.021016744770306107,9,True
D2_embed_probe,0.01,113,0.012479544923888617,9,True
D2_embed_probe,0.01,279,0.04283916951246552,9,True
D2_embed_probe,0.01,729,0.025262024861436264,9,True
D2_embed_probe,0.01,759,0.014749232711695185,9,True
D2_embed_probe,0.01,1163,0.02405252008126316,9,True
D2_embed_probe,0.01,72,0.06295502555135311,9,True
D2_embed_probe,0.01,1099,0.03183468151600452,9,True
D2_embed_probe,0.01,1274,0.09067346936703588,17,True
D2_embed_probe,0.01,1241,0.01782334170907079,9,True
D2_embed_probe,0.01,1107,0.09096021524543052,9,True
D2_embed_probe,0.01,985,0.04483043693850373,9,True
D2_embed_probe,0.01,70,0.007490562111689754,9,True
D2_embed_probe,0.01,1179,0.08888933471153845,9,True
D2_embed_probe,0.01,57,0.007236852962185429,9,True
D2_embed_probe,0.01,1086,0.029750419819871272,9,True
D2_embed_probe,0.01,832,0.018928016139353816,9,True
D2_embed_probe,0.01,507,0.025855417634028238,9,True
D2_embed_probe,0.01,118,0.14168636726946743,25,True
D2_embed_probe,0.01,514,0.013197409444933922,9,True
D2_embed_probe,0.01,1104,0.011350311918201662,9,True
D2_embed_probe,0.01,452,0.007546920790299253,9,True
D2_embed_probe,0.05,238,0.03556100769902269,25,True
D2_embed_probe,0.05,775,0.005070582217276585,9,True
D2_embed_probe,0.05,1137,0.009677243634186919,9,True
D2_embed_probe,0.05,715,0.021951924641536728,9,True
D2_embed_probe,0.05,993,0.01425164013539364,9,True
D2_embed_probe,0.05,1352,0.014287553080839926,9,True
D2_embed_probe,0.05,1021,0.005909713315477478,9,True
D2_embed_probe,0.05,636,0.006473171836113199,9,True
D2_embed_probe,0.05,1337,0.013571386114977376,9,True
D2_embed_probe,0.05,936,0.020137504645693857,9,True
D2_embed_probe,0.05,1336,0.004422576607048013,9,True
D2_embed_probe,0.05,882,0.09045881822989273,9,False
D2_embed_probe,0.05,1146,0.014700388295549623,9,True
D2_embed_probe,0.05,421,0.00914673875800419,9,True
D2_embed_probe,0.05,784,0.00732222313395662,9,True
D2_embed_probe,0.05,216,0.011211516925404072,9,True
D2_embed_probe,0.05,1368,0.011466739059730535,9,True
D2_embed_probe,0.05,185,0.009597075479429519,9,True
D2_embed_probe,0.05,975,0.021141471889715713,9,True
D2_embed_probe,0.05,1014,0.006872389276701377,9,True
D2_embed_probe,0.05,808,0.38801679796116706,25,False
D2_embed_probe,0.05,770,0.012011195302348392,9,True
D2_embed_probe,0.05,598,0.008179306028863102,9,True
D2_embed_probe,0.05,660,0.0406021082442813,17,True
D2_embed_probe,0.05,350,0.0391507300935082,9,True
D2_embed_probe,0.05,693,0.053756351078874234,25,True
D2_embed_probe,0.05,132,0.03599502887265922,17,True
D2_embed_probe,0.05,127,0.008750600136029843,9,True
D2_embed_probe,0.05,410,0.009634826318494652,9,True
D2_embed_probe,0.05,232,0.024355729386130443,9,True
D2_embed_probe,0.05,219,0.00927897723776116,9,True
D2_embed_probe,0.05,217,0.008304759468392212,9,True
D2_embed_probe,0.05,115,0.11783867879556367,17,False
D2_embed_probe,0.05,324,0.10799386127062145,33,False
D2_embed_probe,0.05,619,0.003825907062359865,9,True
D2_embed_probe,0.05,1199,0.02180546278793713,17,True
D2_embed_probe,0.05,1319,0.005839061764006164,9,True
D2_embed_probe,0.05,236,0.04667463882463336,25,True
D2_embed_probe,0.05,873,0.021016744770306107,9,True
D2_embed_probe,0.05,113,0.012479544923888617,9,True
D2_embed_probe,0.05,279,0.04283916951246552,9,True
D2_embed_probe,0.05,729,0.025262024861436264,9,True
D2_embed_probe,0.05,759,0.014749232711695185,9,True
D2_embed_probe,0.05,1163,0.02405252008126316,9,True
D2_embed_probe,0.05,72,0.05827782245097539,33,True
D2_embed_probe,0.05,1099,0.03183468151600452,9,True
D2_embed_probe,0.05,1274,0.02574462470591623,33,True
D2_embed_probe,0.05,1241,0.01782334170907079,9,True
D2_embed_probe,0.05,1107,0.041436449448450506,25,True
D2_embed_probe,0.05,985,0.03594528165646931,17,True
D2_embed_probe,0.05,70,0.007490562111689754,9,True
D2_embed_probe,0.05,1179,0.025089736215515832,17,True
D2_embed_probe,0.05,57,0.007236852962185429,9,True
D2_embed_probe,0.05,1086,0.029750419819871272,9,True
D2_embed_probe,0.05,832,0.018928016139353816,9,True
D2_embed_probe,0.05,507,0.025855417634028238,9,True
D2_embed_probe,0.05,118,0.14168636726946743,25,False
D2_embed_probe,0.05,514,0.013197409444933922,9,True
D2_embed_probe,0.05,1104,0.011350311918201662,9,True
D2_embed_probe,0.05,452,0.007546920790299253,9,True
D3_distilbert,0.001,238,0.0008813243475742638,9,True
D3_distilbert,0.001,775,0.0005162725574336946,9,True
D3_distilbert,0.001,1137,0.0009850083151832223,17,True
D3_distilbert,0.001,715,0.000893445685505867,17,True
D3_distilbert,0.001,993,0.0020547446329146624,25,True
D3_distilbert,0.001,1352,0.0016941032372415066,25,True
D3_distilbert,0.001,1021,0.0005953406216576695,9,True
D3_distilbert,0.001,636,0.0005223549669608474,9,True
D3_distilbert,0.001,1337,0.0011095014633610845,9,True
D3_distilbert,0.001,936,0.000682501879055053,9,True
D3_distilbert,0.001,1336,0.0013432379346340895,17,True
D3_distilbert,0.001,882,0.0010403185151517391,17,True
D3_distilbert,0.001,1146,0.0025114635936915874,25,False
D3_distilbert,0.001,421,0.0007138378568924963,17,True
D3_distilbert,0.001,784,0.0007509956485591829,9,True
D3_distilbert,0.001,216,0.0006525407079607248,17,True
D3_distilbert,0.001,1368,0.0010628869058564305,17,True
D3_distilbert,0.001,185,0.0007264874875545502,9,True
D3_distilbert,0.001,975,0.0011559006525203586,25,True
D3_distilbert,0.001,1014,0.0006474657566286623,9,True
D3_distilbert,0.001,808,0.0008135565440170467,9,True
D3_distilbert,0.001,770,0.0007350447704084218,9,True
D3_distilbert,0.001,598,0.000628784007858485,9,True
D3_distilbert,0.001,660,0.00877910852432251,33,False
D3_distilbert,0.001,350,0.0008813243475742638,9,True
D3_distilbert,0.001,693,0.001162685570307076,17,True
D3_distilbert,0.001,132,0.0007321813027374446,9,True
D3_distilbert,0.001,127,0.00075688143260777,9,True
D3_distilbert,0.001,410,0.0006512682302854955,9,True
D3_distilbert,0.001,232,0.0008575725369155407,9,True
D3_distilbert,0.001,219,0.004591683391481638,25,False
D3_distilbert,0.001,217,0.0011247574584558606,9,True
D3_distilbert,0.001,115,0.0012184162624180317,25,True
D3_distilbert,0.001,324,0.12400069832801819,25,False
D3_distilbert,0.001,619,0.0009004466701298952,25,True
D3_distilbert,0.001,1199,0.000628784007858485,9,True
D3_distilbert,0.001,1319,0.0007702931761741638,17,True
D3_distilbert,0.001,236,0.0005714300787076354,9,True
D3_distilbert,0.001,873,0.010110844857990742,25,False
D3_distilbert,0.001,113,0.0005463420529849827,9,True
D3_distilbert,0.001,279,0.0006178345065563917,9,True
D3_distilbert,0.001,729,0.0009584648068994284,9,True
D3_distilbert,0.001,759,0.0007808886002749205,9,True
D3_distilbert,0.001,1163,0.0011740823974832892,17,True
D3_distilbert,0.001,72,0.014420067891478539,25,False
D3_distilbert,0.001,1099,0.0007495314930565655,17,True
D3_distilbert,0.001,1274,0.0008659809827804565,25,True
D3_distilbert,0.001,1241,0.0010423501953482628,9,True
D3_distilbert,0.001,1107,0.0009039677097462118,17,True
D3_distilbert,0.001,985,0.0008592476369813085,9,True
D3_distilbert,0.001,70,0.0017240936867892742,33,True
D3_distilbert,0.001,1179,0.0010944521054625511,9,True
D3_distilbert,0.001,57,0.000979259260930121,17,True
D3_distilbert,0.001,1086,0.001054624211974442,25,True
D3_distilbert,0.001,832,0.000807230535428971,17,True
D3_distilbert,0.001,507,0.0006499982555396855,25,True
D3_distilbert,0.001,118,0.0015158916357904673,25,True
D3_distilbert,0.001,514,0.0008247465593740344,9,True
D3_distilbert,0.001,1104,0.0006667023408226669,17,True
D3_distilbert,0.001,452,0.0009253848693333566,9,True
D3_distilbert,0.01,238,0.0005703156930394471,33,True
D3_distilbert,0.01,775,0.0004655269149225205,41,True
D3_distilbert,0.01,1137,0.00093263597227633,33,False
D3_distilbert,0.01,715,0.000593020988162607,57,True
D3_distilbert,0.01,993,0.0020547446329146624,25,False
D3_distilbert,0.01,1352,0.0016941032372415066,25,False
D3_distilbert,0.01,1021,0.0005305765080265701,41,True
D3_distilbert,0.01,636,0.0004897656617686152,25,True
D3_distilbert,0.01,1337,0.0007451557903550565,33,True
D3_distilbert,0.01,936,0.000682501879055053,17,True
D3_distilbert,0.01,1336,0.0013432379346340895,17,False
D3_distilbert,0.01,882,0.0007480700733140111,41,True
D3_distilbert,0.01,1146,0.0025114635936915874,25,False
D3_distilbert,0.01,421,0.0006959537276998162,41,True
D3_distilbert,0.01,784,0.0005747861578129232,41,True
D3_distilbert,0.01,216,0.0006094501004554331,41,True
D3_distilbert,0.01,1368,0.0009473090176470578,33,False
D3_distilbert,0.01,185,0.00048785717808641493,49,True
D3_distilbert,0.01,975,0.0011559006525203586,33,False
D3_distilbert,0.01,1014,0.0006474657566286623,17,True
D3_distilbert,0.01,808,0.000807230535428971,25,False
D3_distilbert,0.01,770,0.0006337125669233501,33,True
D3_distilbert,0.01,598,0.0006178345065563917,33,True
D3_distilbert,0.01,660,0.00877910852432251,33,False
D3_distilbert,0.01,350,0.0005223549669608474,49,True
D3_distilbert,0.01,693,0.001162685570307076,25,False
D3_distilbert,0.01,132,0.0007321813027374446,17,True
D3_distilbert,0.01,127,0.00075688143260777,17,True
D3_distilbert,0.01,410,0.0006512682302854955,17,True
D3_distilbert,0.01,232,0.0007307537016458809,41,True
D3_distilbert,0.01,219,0.004591683391481638,25,False
D3_distilbert,0.01,217,0.0005826939013786614,25,True
D3_distilbert,0.01,115,0.0012184162624180317,25,False
D3_distilbert,0.01,324,0.12400069832801819,25,False
D3_distilbert,0.01,619,0.0007839425816200674,49,True
D3_distilbert,0.01,1199,0.0004442183708306402,33,True
D3_distilbert,0.01,1319,0.0007702931761741638,25,True
D3_distilbert,0.01,236,0.0005316133028827608,33,True
D3_distilbert,0.01,873,0.010110844857990742,25,False
D3_distilbert,0.01,113,0.0005463420529849827,17,True
D3_distilbert,0.01,279,0.0005725465598516166,33,True
D3_distilbert,0.01,729,0.0009584648068994284,17,False
D3_distilbert,0.01,759,0.0005132578662596643,41,True
D3_distilbert,0.01,1163,0.0011740823974832892,25,False
D3_distilbert,0.01,72,0.014420067891478539,25,False
D3_distilbert,0.01,1099,0.0005033356137573719,49,True
D3_distilbert,0.01,1274,0.0005484791472554207,49,True
D3_distilbert,0.01,1241,0.0005112579092383385,41,True
D3_distilbert,0.01,1107,0.000593020988162607,81,True
D3_distilbert,0.01,985,0.0005517006502486765,41,True
D3_distilbert,0.01,70,0.0017240936867892742,33,False
D3_distilbert,0.01,1179,0.0005326520767994225,33,True
D3_distilbert,0.01,57,0.0005254230927675962,65,True
D3_distilbert,0.01,1086,0.0005285091465339065,57,True
D3_distilbert,0.01,832,0.000563675130251795,41,True
D3_distilbert,0.01,507,0.0006499982555396855,33,True
D3_distilbert,0.01,118,0.0015158916357904673,25,False
D3_distilbert,0.01,514,0.0005431519821286201,41,True
D3_distilbert,0.01,1104,0.0006667023408226669,25,True
D3_distilbert,0.01,452,0.0005295418086461723,33,True
D3_distilbert,0.05,238,0.0005703156930394471,33,True
D3_distilbert,0.05,775,0.0004655269149225205,41,True
D3_distilbert,0.05,1137,0.00093263597227633,33,False
D3_distilbert,0.05,715,0.000593020988162607,57,True
D3_distilbert,0.05,993,0.0020547446329146624,25,False
D3_distilbert,0.05,1352,0.0016941032372415066,25,False
D3_distilbert,0.05,1021,0.0005305765080265701,41,True
D3_distilbert,0.05,636,0.0004897656617686152,25,True
D3_distilbert,0.05,1337,0.0007451557903550565,33,False
D3_distilbert,0.05,936,0.000682501879055053,17,False
D3_distilbert,0.05,1336,0.0013432379346340895,17,False
D3_distilbert,0.05,882,0.0007480700733140111,41,False
D3_distilbert,0.05,1146,0.0025114635936915874,25,False
D3_distilbert,0.05,421,0.0006959537276998162,41,False
D3_distilbert,0.05,784,0.0005747861578129232,41,True
D3_distilbert,0.05,216,0.0006094501004554331,41,True
D3_distilbert,0.05,1368,0.0009473090176470578,33,False
D3_distilbert,0.05,185,0.00048785717808641493,49,True
D3_distilbert,0.05,975,0.0011559006525203586,33,False
D3_distilbert,0.05,1014,0.0006474657566286623,17,False
D3_distilbert,0.05,808,0.000807230535428971,25,False
D3_distilbert,0.05,770,0.0006337125669233501,33,False
D3_distilbert,0.05,598,0.0006178345065563917,33,False
D3_distilbert,0.05,660,0.00877910852432251,33,False
D3_distilbert,0.05,350,0.0005223549669608474,49,True
D3_distilbert,0.05,693,0.001162685570307076,25,False
D3_distilbert,0.05,132,0.0007321813027374446,17,False
D3_distilbert,0.05,127,0.00075688143260777,17,False
D3_distilbert,0.05,410,0.0006512682302854955,17,False
D3_distilbert,0.05,232,0.0007307537016458809,41,False
D3_distilbert,0.05,219,0.004591683391481638,25,False
D3_distilbert,0.05,217,0.0005826939013786614,25,True
D3_distilbert,0.05,115,0.0012184162624180317,25,False
D3_distilbert,0.05,324,0.12400069832801819,25,False
D3_distilbert,0.05,619,0.0007839425816200674,49,False
D3_distilbert,0.05,1199,0.0004442183708306402,33,True
D3_distilbert,0.05,1319,0.0007702931761741638,25,False
D3_distilbert,0.05,236,0.0005316133028827608,33,True
D3_distilbert,0.05,873,0.010110844857990742,25,False
D3_distilbert,0.05,113,0.0005463420529849827,17,True
D3_distilbert,0.05,279,0.0005725465598516166,33,True
D3_distilbert,0.05,729,0.0009584648068994284,17,False
D3_distilbert,0.05,759,0.0005132578662596643,41,True
D3_distilbert,0.05,1163,0.0011740823974832892,25,False
D3_distilbert,0.05,72,0.014420067891478539,25,False
D3_distilbert,0.05,1099,0.0005033356137573719,49,True
D3_distilbert,0.05,1274,0.0005484791472554207,49,True
D3_distilbert,0.05,1241,0.0005112579092383385,41,True
D3_distilbert,0.05,1107,0.000593020988162607,81,True
D3_distilbert,0.05,985,0.0005517006502486765,41,True
D3_distilbert,0.05,70,0.0017240936867892742,33,False
D3_distilbert,0.05,1179,0.0005326520767994225,33,True
D3_distilbert,0.05,57,0.0005254230927675962,65,True
D3_distilbert,0.05,1086,0.0005285091465339065,57,True
D3_distilbert,0.05,832,0.000563675130251795,41,True
D3_distilbert,0.05,507,0.0006499982555396855,33,False
D3_distilbert,0.05,118,0.0015158916357904673,25,False
D3_distilbert,0.05,514,0.0005431519821286201,41,True
D3_distilbert,0.05,1104,0.0006667023408226669,25,False
D3_distilbert,0.05,452,0.0005295418086461723,33,True
D4_guard_zeroshot,0.001,238,0.9999967813491821,49,False
D4_guard_zeroshot,0.001,775,0.0024438865948468447,49,False
D4_guard_zeroshot,0.001,1137,0.9999994039535522,25,False
D4_guard_zeroshot,0.001,715,0.9999997615814209,9,False
D4_guard_zeroshot,0.001,993,0.9999995231628418,17,False
D4_guard_zeroshot,0.001,1352,0.9999997615814209,9,False
D4_guard_zeroshot,0.001,1021,1.29059080791194e-05,33,True
D4_guard_zeroshot,0.001,636,0.9999991655349731,25,False
D4_guard_zeroshot,0.001,1337,0.9999992847442627,25,False
D4_guard_zeroshot,0.001,936,0.9999994039535522,17,False
D4_guard_zeroshot,0.001,1336,0.999985933303833,41,False
D4_guard_zeroshot,0.001,882,0.9999997615814209,9,False
D4_guard_zeroshot,0.001,1146,0.9999996423721313,17,False
D4_guard_zeroshot,0.001,421,0.9999997615814209,9,False
D4_guard_zeroshot,0.001,784,0.0013511208817362785,49,False
D4_guard_zeroshot,0.001,216,0.9995549321174622,49,False
D4_guard_zeroshot,0.001,1368,0.9999990463256836,25,False
D4_guard_zeroshot,0.001,185,2.1151001874386566e-06,49,True
D4_guard_zeroshot,0.001,975,0.9999997615814209,9,False
D4_guard_zeroshot,0.001,1014,0.9999997615814209,9,False
D4_guard_zeroshot,0.001,808,0.9999997615814209,9,False
D4_guard_zeroshot,0.001,770,9.991038041334832e-07,49,True
D4_guard_zeroshot,0.001,598,0.9998655319213867,65,False
D4_guard_zeroshot,0.001,660,0.9999997615814209,9,False
D4_guard_zeroshot,0.001,350,0.9999995231628418,25,False
D4_guard_zeroshot,0.001,693,0.9999997615814209,9,False
D4_guard_zeroshot,0.001,132,0.9999997615814209,9,False
D4_guard_zeroshot,0.001,127,0.9999997615814209,9,False
D4_guard_zeroshot,0.001,410,0.999967098236084,73,False
D4_guard_zeroshot,0.001,232,0.9999994039535522,17,False
D4_guard_zeroshot,0.001,219,0.9999990463256836,25,False
D4_guard_zeroshot,0.001,217,0.9999992847442627,17,False
D4_guard_zeroshot,0.001,115,0.9999994039535522,25,False
D4_guard_zeroshot,0.001,324,0.9999997615814209,9,False
D4_guard_zeroshot,0.001,619,0.9999997615814209,9,False
D4_guard_zeroshot,0.001,1199,0.9999984502792358,25,False
D4_guard_zeroshot,0.001,1319,0.9999996423721313,17,False
D4_guard_zeroshot,0.001,236,0.9999960660934448,33,False
D4_guard_zeroshot,0.001,873,0.9999997615814209,9,False
D4_guard_zeroshot,0.001,113,0.9995408058166504,41,False
D4_guard_zeroshot,0.001,279,0.9999990463256836,33,False
D4_guard_zeroshot,0.001,729,0.9999997615814209,9,False
D4_guard_zeroshot,0.001,759,0.9999443292617798,65,False
D4_guard_zeroshot,0.001,1163,0.9999997615814209,9,False
D4_guard_zeroshot,0.001,72,0.9999997615814209,9,False
D4_guard_zeroshot,0.001,1099,0.9999997615814209,9,False
D4_guard_zeroshot,0.001,1274,0.9999997615814209,9,False
D4_guard_zeroshot,0.001,1241,0.9999997615814209,9,False
D4_guard_zeroshot,0.001,1107,0.9999997615814209,9,False
D4_guard_zeroshot,0.001,985,0.9999986886978149,25,False
D4_guard_zeroshot,0.001,70,0.9999997615814209,9,False
D4_guard_zeroshot,0.001,1179,0.9999997615814209,9,False
D4_guard_zeroshot,0.001,57,0.9999464750289917,57,False
D4_guard_zeroshot,0.001,1086,0.9999997615814209,9,False
D4_guard_zeroshot,0.001,832,0.9999992847442627,17,False
D4_guard_zeroshot,0.001,507,0.9851861596107483,49,False
D4_guard_zeroshot,0.001,118,0.9999996423721313,17,False
D4_guard_zeroshot,0.001,514,0.999930739402771,49,False
D4_guard_zeroshot,0.001,1104,0.9999997615814209,9,False
D4_guard_zeroshot,0.001,452,0.9999997615814209,9,False
D4_guard_zeroshot,0.01,238,0.9999967813491821,49,False
D4_guard_zeroshot,0.01,775,0.0024438865948468447,49,False
D4_guard_zeroshot,0.01,1137,0.9999994039535522,25,False
D4_guard_zeroshot,0.01,715,0.9999997615814209,9,False
D4_guard_zeroshot,0.01,993,0.9999995231628418,17,False
D4_guard_zeroshot,0.01,1352,0.9999997615814209,9,False
D4_guard_zeroshot,0.01,1021,1.29059080791194e-05,33,True
D4_guard_zeroshot,0.01,636,0.9999991655349731,25,False
D4_guard_zeroshot,0.01,1337,0.9999992847442627,25,False
D4_guard_zeroshot,0.01,936,0.9999994039535522,17,False
D4_guard_zeroshot,0.01,1336,0.999985933303833,41,False
D4_guard_zeroshot,0.01,882,0.9999997615814209,9,False
D4_guard_zeroshot,0.01,1146,0.9999996423721313,17,False
D4_guard_zeroshot,0.01,421,0.9999997615814209,9,False
D4_guard_zeroshot,0.01,784,0.0013511208817362785,49,False
D4_guard_zeroshot,0.01,216,0.9995549321174622,49,False
D4_guard_zeroshot,0.01,1368,0.9999990463256836,25,False
D4_guard_zeroshot,0.01,185,2.1151001874386566e-06,49,True
D4_guard_zeroshot,0.01,975,0.9999997615814209,9,False
D4_guard_zeroshot,0.01,1014,0.9999997615814209,9,False
D4_guard_zeroshot,0.01,808,0.9999997615814209,9,False
D4_guard_zeroshot,0.01,770,9.991038041334832e-07,49,True
D4_guard_zeroshot,0.01,598,0.9998655319213867,65,False
D4_guard_zeroshot,0.01,660,0.9999997615814209,9,False
D4_guard_zeroshot,0.01,350,0.9999995231628418,25,False
D4_guard_zeroshot,0.01,693,0.9999997615814209,9,False
D4_guard_zeroshot,0.01,132,0.9999997615814209,9,False
D4_guard_zeroshot,0.01,127,0.9999997615814209,9,False
D4_guard_zeroshot,0.01,410,0.999967098236084,73,False
D4_guard_zeroshot,0.01,232,0.9999994039535522,17,False
D4_guard_zeroshot,0.01,219,0.9999990463256836,25,False
D4_guard_zeroshot,0.01,217,0.9999992847442627,17,False
D4_guard_zeroshot,0.01,115,0.9999994039535522,25,False
D4_guard_zeroshot,0.01,324,0.9999997615814209,9,False
D4_guard_zeroshot,0.01,619,0.9999997615814209,9,False
D4_guard_zeroshot,0.01,1199,0.9999984502792358,25,False
D4_guard_zeroshot,0.01,1319,0.9999996423721313,17,False
D4_guard_zeroshot,0.01,236,0.9999960660934448,33,False
D4_guard_zeroshot,0.01,873,0.9999997615814209,9,False
D4_guard_zeroshot,0.01,113,0.9995408058166504,41,False
D4_guard_zeroshot,0.01,279,0.9999990463256836,33,False
D4_guard_zeroshot,0.01,729,0.9999997615814209,9,False
D4_guard_zeroshot,0.01,759,0.9999443292617798,65,False
D4_guard_zeroshot,0.01,1163,0.9999997615814209,9,False
D4_guard_zeroshot,0.01,72,0.9999997615814209,9,False
D4_guard_zeroshot,0.01,1099,0.9999997615814209,9,False
D4_guard_zeroshot,0.01,1274,0.9999997615814209,9,False
D4_guard_zeroshot,0.01,1241,0.9999997615814209,9,False
D4_guard_zeroshot,0.01,1107,0.9999997615814209,9,False
D4_guard_zeroshot,0.01,985,0.9999986886978149,25,False
D4_guard_zeroshot,0.01,70,0.9999997615814209,9,False
D4_guard_zeroshot,0.01,1179,0.9999997615814209,9,False
D4_guard_zeroshot,0.01,57,0.9999464750289917,57,False
D4_guard_zeroshot,0.01,1086,0.9999997615814209,9,False
D4_guard_zeroshot,0.01,832,0.9999992847442627,17,False
D4_guard_zeroshot,0.01,507,0.9851861596107483,49,False
D4_guard_zeroshot,0.01,118,0.9999996423721313,17,False
D4_guard_zeroshot,0.01,514,0.999930739402771,49,False
D4_guard_zeroshot,0.01,1104,0.9999997615814209,9,False
D4_guard_zeroshot,0.01,452,0.9999997615814209,9,False
D4_guard_zeroshot,0.05,238,0.9999967813491821,49,False
D4_guard_zeroshot,0.05,775,0.0024438865948468447,49,False
D4_guard_zeroshot,0.05,1137,0.9999994039535522,25,False
D4_guard_zeroshot,0.05,715,0.9999997615814209,9,False
D4_guard_zeroshot,0.05,993,0.9999995231628418,17,False
D4_guard_zeroshot,0.05,1352,0.9999997615814209,9,False
D4_guard_zeroshot,0.05,1021,1.29059080791194e-05,33,True
D4_guard_zeroshot,0.05,636,0.9999991655349731,25,False
D4_guard_zeroshot,0.05,1337,0.9999992847442627,25,False
D4_guard_zeroshot,0.05,936,0.9999994039535522,17,False
D4_guard_zeroshot,0.05,1336,0.999985933303833,41,False
D4_guard_zeroshot,0.05,882,0.9999997615814209,9,False
D4_guard_zeroshot,0.05,1146,0.9999996423721313,17,False
D4_guard_zeroshot,0.05,421,0.9999997615814209,9,False
D4_guard_zeroshot,0.05,784,0.0013511208817362785,49,False
D4_guard_zeroshot,0.05,216,0.9995549321174622,49,False
D4_guard_zeroshot,0.05,1368,0.9999990463256836,25,False
D4_guard_zeroshot,0.05,185,2.1151001874386566e-06,49,True
D4_guard_zeroshot,0.05,975,0.9999997615814209,9,False
D4_guard_zeroshot,0.05,1014,0.9999997615814209,9,False
D4_guard_zeroshot,0.05,808,0.9999997615814209,9,False
D4_guard_zeroshot,0.05,770,9.991038041334832e-07,49,True
D4_guard_zeroshot,0.05,598,0.9998655319213867,65,False
D4_guard_zeroshot,0.05,660,0.9999997615814209,9,False
D4_guard_zeroshot,0.05,350,0.9999995231628418,25,False
D4_guard_zeroshot,0.05,693,0.9999997615814209,9,False
D4_guard_zeroshot,0.05,132,0.9999997615814209,9,False
D4_guard_zeroshot,0.05,127,0.9999997615814209,9,False
D4_guard_zeroshot,0.05,410,0.999967098236084,73,False
D4_guard_zeroshot,0.05,232,0.9999994039535522,17,False
D4_guard_zeroshot,0.05,219,0.9999990463256836,25,False
D4_guard_zeroshot,0.05,217,0.9999992847442627,17,False
D4_guard_zeroshot,0.05,115,0.9999994039535522,25,False
D4_guard_zeroshot,0.05,324,0.9999997615814209,9,False
D4_guard_zeroshot,0.05,619,0.9999997615814209,9,False
D4_guard_zeroshot,0.05,1199,0.9999984502792358,25,False
D4_guard_zeroshot,0.05,1319,0.9999996423721313,17,False
D4_guard_zeroshot,0.05,236,0.9999960660934448,33,False
D4_guard_zeroshot,0.05,873,0.9999997615814209,9,False
D4_guard_zeroshot,0.05,113,0.9995408058166504,41,False
D4_guard_zeroshot,0.05,279,0.9999990463256836,33,False
D4_guard_zeroshot,0.05,729,0.9999997615814209,9,False
D4_guard_zeroshot,0.05,759,0.9999443292617798,65,False
D4_guard_zeroshot,0.05,1163,0.9999997615814209,9,False
D4_guard_zeroshot,0.05,72,0.9999997615814209,9,False
D4_guard_zeroshot,0.05,1099,0.9999997615814209,9,False
D4_guard_zeroshot,0.05,1274,0.9999997615814209,9,False
D4_guard_zeroshot,0.05,1241,0.9999997615814209,9,False
D4_guard_zeroshot,0.05,1107,0.9999997615814209,9,False
D4_guard_zeroshot,0.05,985,0.9999986886978149,25,False
D4_guard_zeroshot,0.05,70,0.9999997615814209,9,False
D4_guard_zeroshot,0.05,1179,0.9999997615814209,9,False
D4_guard_zeroshot,0.05,57,0.9999464750289917,57,False
D4_guard_zeroshot,0.05,1086,0.9999997615814209,9,False
D4_guard_zeroshot,0.05,832,0.9999992847442627,17,False
D4_guard_zeroshot,0.05,507,0.9851861596107483,49,False
D4_guard_zeroshot,0.05,118,0.9999996423721313,17,False
D4_guard_zeroshot,0.05,514,0.999930739402771,49,False
D4_guard_zeroshot,0.05,1104,0.9999997615814209,9,False
D4_guard_zeroshot,0.05,452,0.9999997615814209,9,False
D5_perplexity,0.001,238,6.166941165924072,25,True
D5_perplexity,0.001,775,5.697856426239014,9,True
D5_perplexity,0.001,1137,5.217889308929443,9,True
D5_perplexity,0.001,715,5.89931058883667,9,True
D5_perplexity,0.001,993,5.791385173797607,9,True
D5_perplexity,0.001,1352,6.161591053009033,9,True
D5_perplexity,0.001,1021,5.5942559242248535,9,True
D5_perplexity,0.001,636,5.035294055938721,9,True
D5_perplexity,0.001,1337,6.032087326049805,9,True
D5_perplexity,0.001,936,5.925178527832031,9,True
D5_perplexity,0.001,1336,6.436587333679199,9,True
D5_perplexity,0.001,882,5.355161666870117,9,True
D5_perplexity,0.001,1146,5.116240501403809,9,True
D5_perplexity,0.001,421,5.73384428024292,9,True
D5_perplexity,0.001,784,5.090930461883545,17,True
D5_perplexity,0.001,216,5.411538124084473,41,True
D5_perplexity,0.001,1368,6.018293380737305,33,True
D5_perplexity,0.001,185,5.924298286437988,9,True
D5_perplexity,0.001,975,5.483187675476074,9,True
D5_perplexity,0.001,1014,5.524477481842041,9,True
D5_perplexity,0.001,808,6.45045804977417,33,True
D5_perplexity,0.001,770,5.591731548309326,9,True
D5_perplexity,0.001,598,5.501321315765381,9,True
D5_perplexity,0.001,660,5.30183744430542,9,True
D5_perplexity,0.001,350,5.642767429351807,9,True
D5_perplexity,0.001,693,5.7252583503723145,9,True
D5_perplexity,0.001,132,5.500508785247803,9,True
D5_perplexity,0.001,127,6.518049716949463,9,True
D5_perplexity,0.001,410,5.987757682800293,17,True
D5_perplexity,0.001,232,5.348836421966553,9,True
D5_perplexity,0.001,219,5.9517693519592285,9,True
D5_perplexity,0.001,217,5.855616569519043,9,True
D5_perplexity,0.001,115,5.532228469848633,9,True
D5_perplexity,0.001,324,6.271570205688477,25,True
D5_perplexity,0.001,619,5.83659029006958,9,True
D5_perplexity,0.001,1199,5.7424211502075195,25,True
D5_perplexity,0.001,1319,5.636999607086182,9,True
D5_perplexity,0.001,236,6.057743549346924,9,True
D5_perplexity,0.001,873,5.4794206619262695,33,True
D5_perplexity,0.001,113,5.6193318367004395,17,True
D5_perplexity,0.001,279,6.480503082275391,9,True
D5_perplexity,0.001,729,6.08931303024292,9,True
D5_perplexity,0.001,759,5.9208879470825195,25,True
D5_perplexity,0.001,1163,5.575108528137207,9,True
D5_perplexity,0.001,72,6.240487575531006,9,True
D5_perplexity,0.001,1099,5.503182888031006,41,True
D5_perplexity,0.001,1274,5.961611747741699,9,True
D5_perplexity,0.001,1241,5.506626605987549,9,True
D5_perplexity,0.001,1107,5.867809295654297,9,True
D5_perplexity,0.001,985,5.63325309753418,9,True
D5_perplexity,0.001,70,5.844749450683594,17,True
D5_perplexity,0.001,1179,6.800832748413086,25,True
D5_perplexity,0.001,57,5.845077991485596,33,True
D5_perplexity,0.001,1086,5.261808395385742,9,True
D5_perplexity,0.001,832,5.528589725494385,9,True
D5_perplexity,0.001,507,5.609611988067627,17,True
D5_perplexity,0.001,118,5.025619029998779,9,True
D5_perplexity,0.001,514,5.428577423095703,9,True
D5_perplexity,0.001,1104,4.904545307159424,9,True
D5_perplexity,0.001,452,5.723440170288086,9,True
D5_perplexity,0.01,238,6.166941165924072,25,False
D5_perplexity,0.01,775,5.697856426239014,9,True
D5_perplexity,0.01,1137,5.217889308929443,9,True
D5_perplexity,0.01,715,5.89931058883667,9,True
D5_perplexity,0.01,993,5.791385173797607,9,True
D5_perplexity,0.01,1352,6.161591053009033,9,False
D5_perplexity,0.01,1021,5.5942559242248535,9,True
D5_perplexity,0.01,636,5.035294055938721,9,True
D5_perplexity,0.01,1337,6.032087326049805,9,True
D5_perplexity,0.01,936,5.925178527832031,9,True
D5_perplexity,0.01,1336,6.436587333679199,9,False
D5_perplexity,0.01,882,5.355161666870117,9,True
D5_perplexity,0.01,1146,5.116240501403809,9,True
D5_perplexity,0.01,421,5.73384428024292,9,True
D5_perplexity,0.01,784,5.090930461883545,17,True
D5_perplexity,0.01,216,5.411538124084473,41,True
D5_perplexity,0.01,1368,6.018293380737305,33,True
D5_perplexity,0.01,185,5.924298286437988,9,True
D5_perplexity,0.01,975,5.483187675476074,9,True
D5_perplexity,0.01,1014,5.524477481842041,9,True
D5_perplexity,0.01,808,6.45045804977417,33,False
D5_perplexity,0.01,770,5.591731548309326,9,True
D5_perplexity,0.01,598,5.501321315765381,9,True
D5_perplexity,0.01,660,5.30183744430542,9,True
D5_perplexity,0.01,350,5.642767429351807,9,True
D5_perplexity,0.01,693,5.7252583503723145,9,True
D5_perplexity,0.01,132,5.500508785247803,9,True
D5_perplexity,0.01,127,6.518049716949463,9,False
D5_perplexity,0.01,410,5.987757682800293,17,True
D5_perplexity,0.01,232,5.348836421966553,9,True
D5_perplexity,0.01,219,5.9517693519592285,9,True
D5_perplexity,0.01,217,5.855616569519043,9,True
D5_perplexity,0.01,115,5.532228469848633,9,True
D5_perplexity,0.01,324,6.271570205688477,25,False
D5_perplexity,0.01,619,5.83659029006958,9,True
D5_perplexity,0.01,1199,5.7424211502075195,25,True
D5_perplexity,0.01,1319,5.636999607086182,9,True
D5_perplexity,0.01,236,6.057743549346924,9,True
D5_perplexity,0.01,873,5.4794206619262695,33,True
D5_perplexity,0.01,113,5.6193318367004395,17,True
D5_perplexity,0.01,279,6.480503082275391,9,False
D5_perplexity,0.01,729,6.08931303024292,9,True
D5_perplexity,0.01,759,5.9208879470825195,25,True
D5_perplexity,0.01,1163,5.575108528137207,9,True
D5_perplexity,0.01,72,6.240487575531006,9,False
D5_perplexity,0.01,1099,5.503182888031006,41,True
D5_perplexity,0.01,1274,5.961611747741699,9,True
D5_perplexity,0.01,1241,5.506626605987549,9,True
D5_perplexity,0.01,1107,5.867809295654297,9,True
D5_perplexity,0.01,985,5.63325309753418,9,True
D5_perplexity,0.01,70,5.844749450683594,17,True
D5_perplexity,0.01,1179,6.800832748413086,25,False
D5_perplexity,0.01,57,5.845077991485596,33,True
D5_perplexity,0.01,1086,5.261808395385742,9,True
D5_perplexity,0.01,832,5.528589725494385,9,True
D5_perplexity,0.01,507,5.609611988067627,17,True
D5_perplexity,0.01,118,5.025619029998779,9,True
D5_perplexity,0.01,514,5.428577423095703,9,True
D5_perplexity,0.01,1104,4.904545307159424,9,True
D5_perplexity,0.01,452,5.723440170288086,9,True
D5_perplexity,0.05,238,6.166941165924072,25,False
D5_perplexity,0.05,775,5.697856426239014,9,False
D5_perplexity,0.05,1137,5.217889308929443,9,True
D5_perplexity,0.05,715,5.89931058883667,9,False
D5_perplexity,0.05,993,5.791385173797607,9,False
D5_perplexity,0.05,1352,6.161591053009033,9,False
D5_perplexity,0.05,1021,5.5942559242248535,9,False
D5_perplexity,0.05,636,5.035294055938721,9,True
D5_perplexity,0.05,1337,6.032087326049805,9,False
D5_perplexity,0.05,936,5.925178527832031,9,False
D5_perplexity,0.05,1336,6.436587333679199,9,False
D5_perplexity,0.05,882,5.355161666870117,9,True
D5_perplexity,0.05,1146,5.116240501403809,9,True
D5_perplexity,0.05,421,5.73384428024292,9,False
D5_perplexity,0.05,784,5.090930461883545,17,True
D5_perplexity,0.05,216,5.411538124084473,41,True
D5_perplexity,0.05,1368,6.018293380737305,33,False
D5_perplexity,0.05,185,5.924298286437988,9,False
D5_perplexity,0.05,975,5.483187675476074,9,False
D5_perplexity,0.05,1014,5.524477481842041,9,False
D5_perplexity,0.05,808,6.45045804977417,33,False
D5_perplexity,0.05,770,5.591731548309326,9,False
D5_perplexity,0.05,598,5.501321315765381,9,False
D5_perplexity,0.05,660,5.30183744430542,9,True
D5_perplexity,0.05,350,5.642767429351807,9,False
D5_perplexity,0.05,693,5.7252583503723145,9,False
D5_perplexity,0.05,132,5.500508785247803,9,False
D5_perplexity,0.05,127,6.518049716949463,9,False
D5_perplexity,0.05,410,5.987757682800293,17,False
D5_perplexity,0.05,232,5.348836421966553,9,True
D5_perplexity,0.05,219,5.9517693519592285,9,False
D5_perplexity,0.05,217,5.855616569519043,9,False
D5_perplexity,0.05,115,5.532228469848633,9,False
D5_perplexity,0.05,324,6.271570205688477,25,False
D5_perplexity,0.05,619,5.83659029006958,9,False
D5_perplexity,0.05,1199,5.7424211502075195,25,False
D5_perplexity,0.05,1319,5.636999607086182,9,False
D5_perplexity,0.05,236,6.057743549346924,9,False
D5_perplexity,0.05,873,5.4794206619262695,33,False
D5_perplexity,0.05,113,5.6193318367004395,17,False
D5_perplexity,0.05,279,6.480503082275391,9,False
D5_perplexity,0.05,729,6.08931303024292,9,False
D5_perplexity,0.05,759,5.9208879470825195,25,False
D5_perplexity,0.05,1163,5.575108528137207,9,False
D5_perplexity,0.05,72,6.240487575531006,9,False
D5_perplexity,0.05,1099,5.503182888031006,41,False
D5_perplexity,0.05,1274,5.961611747741699,9,False
D5_perplexity,0.05,1241,5.506626605987549,9,False
D5_perplexity,0.05,1107,5.867809295654297,9,False
D5_perplexity,0.05,985,5.63325309753418,9,False
D5_perplexity,0.05,70,5.844749450683594,17,False
D5_perplexity,0.05,1179,6.800832748413086,25,False
D5_perplexity,0.05,57,5.845077991485596,33,False
D5_perplexity,0.05,1086,5.261808395385742,9,True
D5_perplexity,0.05,832,5.528589725494385,9,False
D5_perplexity,0.05,507,5.609611988067627,17,False
D5_perplexity,0.05,118,5.025619029998779,9,True
D5_perplexity,0.05,514,5.428577423095703,9,True
D5_perplexity,0.05,1104,4.904545307159424,9,True
D5_perplexity,0.05,452,5.723440170288086,9,False
D6_ensemble,0.001,238,0.0008813243475742638,9,True
D6_ensemble,0.001,775,0.0005162725574336946,9,True
D6_ensemble,0.001,1137,0.003409635741263628,9,True
D6_ensemble,0.001,715,0.0023550675250589848,9,True
D6_ensemble,0.001,993,0.016106342896819115,9,True
D6_ensemble,0.001,1352,0.0044165560975670815,9,True
D6_ensemble,0.001,1021,0.0005953406216576695,9,True
D6_ensemble,0.001,636,0.0005223549669608474,9,True
D6_ensemble,0.001,1337,0.0011095014633610845,9,True
D6_ensemble,0.001,936,0.000682501879055053,9,True
D6_ensemble,0.001,1336,0.0013432379346340895,9,True
D6_ensemble,0.001,882,0.0012065897462889552,9,True
D6_ensemble,0.001,1146,0.0025859365705400705,9,True
D6_ensemble,0.001,421,0.0017546142917126417,9,True
D6_ensemble,0.001,784,0.0007509956485591829,9,True
D6_ensemble,0.001,216,0.0019229825120419264,9,True
D6_ensemble,0.001,1368,0.0022256707306951284,9,True
D6_ensemble,0.001,185,0.0007264874875545502,9,True
D6_ensemble,0.001,975,0.0015011822106316686,9,True
D6_ensemble,0.001,1014,0.0006474657566286623,9,True
D6_ensemble,0.001,808,0.0008135565440170467,9,True
D6_ensemble,0.001,770,0.0007350447704084218,9,True
D6_ensemble,0.001,598,0.000628784007858485,9,True
D6_ensemble,0.001,660,0.014517544768750668,9,True
D6_ensemble,0.001,350,0.0008813243475742638,9,True
D6_ensemble,0.001,693,0.021004363894462585,9,True
D6_ensemble,0.001,132,0.0007321813027374446,9,True
D6_ensemble,0.001,127,0.00075688143260777,9,True
D6_ensemble,0.001,410,0.0006512682302854955,9,True
D6_ensemble,0.001,232,0.0008575725369155407,9,True
D6_ensemble,0.001,219,0.01745923049747944,9,True
D6_ensemble,0.001,217,0.0011247574584558606,9,True
D6_ensemble,0.001,115,0.0012303581461310387,9,True
D6_ensemble,0.001,324,0.12442562729120255,9,True
D6_ensemble,0.001,619,0.004914949182420969,9,True
D6_ensemble,0.001,1199,0.000628784007858485,9,True
D6_ensemble,0.001,1319,0.001232760725542903,9,True
D6_ensemble,0.001,236,0.0005714300787076354,9,True
D6_ensemble,0.001,873,0.048676569014787674,9,True
D6_ensemble,0.001,113,0.0005463420529849827,9,True
D6_ensemble,0.001,279,0.0006178345065563917,9,True
D6_ensemble,0.001,729,0.0009584648068994284,9,True
D6_ensemble,0.001,759,0.0007808886002749205,9,True
D6_ensemble,0.001,1163,0.001317291404120624,9,True
D6_ensemble,0.001,72,0.10199123620986938,9,True
D6_ensemble,0.001,1099,0.0016388678923249245,9,True
D6_ensemble,0.001,1274,0.03305475041270256,9,True
D6_ensemble,0.001,1241,0.0010423501953482628,9,True
D6_ensemble,0.001,1107,0.002596031641587615,9,True
D6_ensemble,0.001,985,0.0008592476369813085,9,True
D6_ensemble,0.001,70,0.0825493112206459,17,True
D6_ensemble,0.001,1179,0.0010944521054625511,9,True
D6_ensemble,0.001,57,0.002082970691844821,9,True
D6_ensemble,0.001,1086,0.0016420668689534068,9,True
D6_ensemble,0.001,832,0.0012424173764884472,9,True
D6_ensemble,0.001,507,0.0018279430223628879,9,True
D6_ensemble,0.001,118,0.003824483836069703,9,True
D6_ensemble,0.001,514,0.0008247465593740344,9,True
D6_ensemble,0.001,1104,0.0016484830994158983,9,True
D6_ensemble,0.001,452,0.0009253848693333566,9,True
D6_ensemble,0.01,238,0.0008813243475742638,9,True
D6_ensemble,0.01,775,0.0005162725574336946,9,True
D6_ensemble,0.01,1137,0.003409635741263628,9,True
D6_ensemble,0.01,715,0.0023550675250589848,9,True
D6_ensemble,0.01,993,0.016106342896819115,9,True
D6_ensemble,0.01,1352,0.0044165560975670815,9,True
D6_ensemble,0.01,1021,0.0005953406216576695,9,True
D6_ensemble,0.01,636,0.0005223549669608474,9,True
D6_ensemble,0.01,1337,0.0011095014633610845,9,True
D6_ensemble,0.01,936,0.000682501879055053,9,True
D6_ensemble,0.01,1336,0.0013432379346340895,9,True
D6_ensemble,0.01,882,0.0012065897462889552,9,True
D6_ensemble,0.01,1146,0.0025859365705400705,9,True
D6_ensemble,0.01,421,0.0017546142917126417,9,True
D6_ensemble,0.01,784,0.0007509956485591829,9,True
D6_ensemble,0.01,216,0.0019229825120419264,9,True
D6_ensemble,0.01,1368,0.0022256707306951284,9,True
D6_ensemble,0.01,185,0.0007264874875545502,9,True
D6_ensemble,0.01,975,0.0015011822106316686,9,True
D6_ensemble,0.01,1014,0.0006474657566286623,9,True
D6_ensemble,0.01,808,0.0008135565440170467,9,True
D6_ensemble,0.01,770,0.0007350447704084218,9,True
D6_ensemble,0.01,598,0.000628784007858485,9,True
D6_ensemble,0.01,660,0.014517544768750668,9,True
D6_ensemble,0.01,350,0.0008813243475742638,9,True
D6_ensemble,0.01,693,0.021004363894462585,9,True
D6_ensemble,0.01,132,0.0007321813027374446,9,True
D6_ensemble,0.01,127,0.00075688143260777,9,True
D6_ensemble,0.01,410,0.0006512682302854955,9,True
D6_ensemble,0.01,232,0.0008575725369155407,9,True
D6_ensemble,0.01,219,0.01745923049747944,9,True
D6_ensemble,0.01,217,0.0011247574584558606,9,True
D6_ensemble,0.01,115,0.0012303581461310387,9,True
D6_ensemble,0.01,324,0.12442562729120255,9,True
D6_ensemble,0.01,619,0.004914949182420969,9,True
D6_ensemble,0.01,1199,0.000628784007858485,9,True
D6_ensemble,0.01,1319,0.001232760725542903,9,True
D6_ensemble,0.01,236,0.0005714300787076354,9,True
D6_ensemble,0.01,873,0.048676569014787674,9,True
D6_ensemble,0.01,113,0.0005463420529849827,9,True
D6_ensemble,0.01,279,0.0006178345065563917,9,True
D6_ensemble,0.01,729,0.0009584648068994284,9,True
D6_ensemble,0.01,759,0.0007808886002749205,9,True
D6_ensemble,0.01,1163,0.001317291404120624,9,True
D6_ensemble,0.01,72,0.10199123620986938,9,True
D6_ensemble,0.01,1099,0.0016388678923249245,9,True
D6_ensemble,0.01,1274,0.03305475041270256,9,True
D6_ensemble,0.01,1241,0.0010423501953482628,9,True
D6_ensemble,0.01,1107,0.002596031641587615,9,True
D6_ensemble,0.01,985,0.0008592476369813085,9,True
D6_ensemble,0.01,70,0.0825493112206459,17,True
D6_ensemble,0.01,1179,0.0010944521054625511,9,True
D6_ensemble,0.01,57,0.002082970691844821,9,True
D6_ensemble,0.01,1086,0.0016420668689534068,9,True
D6_ensemble,0.01,832,0.0012424173764884472,9,True
D6_ensemble,0.01,507,0.0018279430223628879,9,True
D6_ensemble,0.01,118,0.003824483836069703,9,True
D6_ensemble,0.01,514,0.0008247465593740344,9,True
D6_ensemble,0.01,1104,0.0016484830994158983,9,True
D6_ensemble,0.01,452,0.0009253848693333566,9,True
D6_ensemble,0.05,238,0.0006214630557224154,17,True
D6_ensemble,0.05,775,0.0005162725574336946,9,True
D6_ensemble,0.05,1137,0.00093263597227633,33,True
D6_ensemble,0.05,715,0.000593020988162607,49,True
D6_ensemble,0.05,993,0.0020547446329146624,25,False
D6_ensemble,0.05,1352,0.0016941032372415066,25,False
D6_ensemble,0.05,1021,0.0005953406216576695,9,True
D6_ensemble,0.05,636,0.0005223549669608474,9,True
D6_ensemble,0.05,1337,0.0007451557903550565,33,True
D6_ensemble,0.05,936,0.000682501879055053,17,True
D6_ensemble,0.05,1336,0.0013432379346340895,17,False
D6_ensemble,0.05,882,0.0007480700733140111,41,True
D6_ensemble,0.05,1146,0.0025114635936915874,25,False
D6_ensemble,0.05,421,0.0006959537276998162,41,True
D6_ensemble,0.05,784,0.0005747861578129232,33,True
D6_ensemble,0.05,216,0.0006106409127824008,25,True
D6_ensemble,0.05,1368,0.0009473090176470578,33,True
D6_ensemble,0.05,185,0.0005538587574847043,17,True
D6_ensemble,0.05,975,0.0011559006525203586,33,True
D6_ensemble,0.05,1014,0.0006474657566286623,9,True
D6_ensemble,0.05,808,0.000807230535428971,25,True
D6_ensemble,0.05,770,0.0006337125669233501,25,True
D6_ensemble,0.05,598,0.000628784007858485,9,True
D6_ensemble,0.05,660,0.00877910852432251,33,False
D6_ensemble,0.05,350,0.0005592909874394536,25,True
D6_ensemble,0.05,693,0.001162685570307076,25,True
D6_ensemble,0.05,132,0.0007321813027374446,17,True
D6_ensemble,0.05,127,0.00075688143260777,17,True
D6_ensemble,0.05,410,0.0006512682302854955,17,True
D6_ensemble,0.05,232,0.0007307537016458809,41,True
D6_ensemble,0.05,219,0.004591683391481638,25,False
D6_ensemble,0.05,217,0.0005826939013786614,17,True
D6_ensemble,0.05,115,0.0012184162624180317,25,True
D6_ensemble,0.05,324,0.12400069832801819,25,False
D6_ensemble,0.05,619,0.0007839425816200674,49,True
D6_ensemble,0.05,1199,0.000628784007858485,9,True
D6_ensemble,0.05,1319,0.0007702931761741638,25,True
D6_ensemble,0.05,236,0.0005714300787076354,9,True
D6_ensemble,0.05,873,0.010110844857990742,25,False
D6_ensemble,0.05,113,0.0005463420529849827,9,True
D6_ensemble,0.05,279,0.0006178345065563917,9,True
D6_ensemble,0.05,729,0.0009584648068994284,17,True
D6_ensemble,0.05,759,0.0006070755189284682,17,True
D6_ensemble,0.05,1163,0.0011740823974832892,25,True
D6_ensemble,0.05,72,0.014420067891478539,25,False
D6_ensemble,0.05,1099,0.0005770345451310277,25,True
D6_ensemble,0.05,1274,0.0005484791472554207,41,True
D6_ensemble,0.05,1241,0.0006462032906711102,25,True
D6_ensemble,0.05,1107,0.0006374341319315135,33,True
D6_ensemble,0.05,985,0.0006251128506846726,25,True
D6_ensemble,0.05,70,0.0017240936867892742,33,False
D6_ensemble,0.05,1179,0.0005326520767994225,25,True
D6_ensemble,0.05,57,0.000600007246248424,41,True
D6_ensemble,0.05,1086,0.000563675130251795,41,True
D6_ensemble,0.05,832,0.0005884087877348065,25,True
D6_ensemble,0.05,507,0.0006499982555396855,33,True
D6_ensemble,0.05,118,0.0015158916357904673,25,False
D6_ensemble,0.05,514,0.00064368563471362,17,True
D6_ensemble,0.05,1104,0.0006667023408226669,25,True
D6_ensemble,0.05,452,0.0006300125969573855,17,True
