query,MRR,Recall@1
how did the great depression affect germany,0.0,0.0
which rhetorical device uses examples,0.3333333333333333,0.0
what size is mercury,0.25,0.0
how to get stronger at home without weights,0.25,0.0
where is conifer colorado,1.0,1.0
when was mansa musa born,0.3333333333333333,0.0
Which of the following causes strep throat,1.0,0.5
what is lactobacillus gg,1.0,1.0
salary of president obama,1.0,1.0
surname ethnicity,0.3333333333333333,0.0
does visio require office,0.2,0.0
number of house of representatives members,0.5,0.0
how much would it cost for dog training for pups,0.5,0.0
meaning of dna,0.5,0.0
how long to cook thin sirloin steak on stove,1.0,1.0
what is an urban growth boundary,0.3333333333333333,0.0
what does argentinosaurus mean,1.0,1.0
temperature and time roast chicken,0.3333333333333333,0.0
a group of many islands is called what,1.0,1.0
average cost per watt commercial electricity,0.25,0.0
is infectious pneumonia contagious,1.0,1.0
are animal like protists heterotrophic,0.25,0.0
what is needed to make glucose in photosynthesis,0.3333333333333333,0.0
closing cost on a house estimate,1.0,1.0
how to Pair the FlatWave with a streaming device,1.0,1.0
average site visit duration,1.0,1.0
vitamin a is found in what foods,0.5,0.0
what characteristics makes australia unique,1.0,1.0
how much does invisalign usually cost,0.5,0.0
process of using dna to create rna,0.3333333333333333,0.0
what is oe car parts,0.0,0.0
what is emc testing,0.3333333333333333,0.0
what is flaxseed,1.0,1.0
why does dissolved oxygen decrease as temperature increases,1.0,1.0
what is FSH blood test,0.0,0.0
what is a gluten allergy,0.5,0.0
what is consumer capitalism,0.3333333333333333,0.0
how long will chorizo keep in the fridge,0.2,0.0
what is rhodium plate,0.3333333333333333,0.0
do dogs get ringworm,1.0,1.0
what kind of ulcers are caused by stress,0.0,0.0
what physiographic province is granite mine located?,1.0,1.0
fixed term contract employee and medical leave,1.0,1.0
how to get dust out of air ducts,0.5,0.0
what is the meaning of election,0.2,0.0
what is dipper pines real name,0.5,0.0
how much tax do you pay when a house is in probate,1.0,0.5
what is biodegrade mean,0.2,0.0
diotrephes name meaning,0.5,0.0
where is the cerebral cortex located,0.3333333333333333,0.0
how long it can take to get tax refund back,0.0,0.0
wilsonart quartz cost,1.0,1.0
what is phosphate buffer,0.3333333333333333,0.0
how long do chickens live and lay eggs,0.0,0.0
what is connectivity mapping,1.0,0.5
is celery alkaline,0.5,0.0
are there mountains in chile,0.0,0.0
what is the tallest horse,0.0,0.0
what is the currency of chad africa,0.3333333333333333,0.0
what is misdemeanor battery,0.2,0.0
what is omer,1.0,1.0
how do cats help us,0.3333333333333333,0.0
what is causing school segregation,0.0,0.0
What is the major structural difference between starch and glycogen?,0.5,0.0
what is an acronym,1.0,1.0
what is the prostate gland and what does it do,0.0,0.0
average temperature for el centro cal,0.3333333333333333,0.0
what unit of wavelength is a de broglie,0.0,0.0
what is a unicorn,0.2,0.0
how is genetic disorder inherited,0.2,0.0
what does criterion mean,0.3333333333333333,0.0
difference between return and risk,0.5,0.0
what does franchise fee mean,0.5,0.0
what are coordinately controlled genes,1.0,1.0
how long to cook shoulder of pork,1.0,1.0
at what temperature does mercury become a solid,1.0,1.0
what is a polygenic trait,0.5,0.0
which kingdom contain all unicellular organisms,0.0,0.0
where do common spider crabs live,0.25,0.0
how much it costs to make game of thrones,0.2,0.0
what is the origin of the family name falcon,0.0,0.0
what is difference between plan and program,0.5,0.0
how to freeze dandelion,1.0,1.0
which was a consequence of the watergate scandal,1.0,1.0
The structural explanation of how a muscle fiber contracts is called the,0.3333333333333333,0.0
what is pork loin,0.5,0.0
average temperature hanoi,0.5,0.0
how to oven roast brussel sprouts,0.2,0.0
where can the arctic tundra be found,0.2,0.0
what are gaba receptors for,0.2,0.0
who sang the disco song Take me to a higher place,0.3333333333333333,0.0
titular meaning,0.0,0.0
how do property managers charge,0.25,0.0
what is the meaning of demetri,1.0,1.0
causes of melanosis coli,0.3333333333333333,0.0
what do tension headache feel like,0.5,0.0
what is a long ton,0.3333333333333333,0.0
what is clove spice,0.0,0.0
how to tell if crab legs are precooked,0.5,0.0
how to do marketing a product,0.2,0.0
what is scalp dermatitis,1.0,1.0
what is a moonroof,0.25,0.0
how long can a chicken leave her eggs,1.0,0.3333333333333333
kratom definition,0.25,0.0
who is jyotiba phule,1.0,1.0
cost to demolish a house,0.3333333333333333,0.0
average decor cost for wedding,0.2,0.0
how long does it take to get your refund once they send it electronically,0.3333333333333333,0.0
are sponges fungi,1.0,0.5
average digital pulse rate of horse,0.5,0.0
what is responsible for peristaltic waves,0.3333333333333333,0.0
what type of consumers are spiders,0.25,0.0
average cost to have someone build a website,0.5,0.0
gir to diu distances,1.0,1.0
average time for a cold sore to go away,0.5,0.0
when did alcohol become illegal,0.0,0.0
jc watts net worth,1.0,1.0
average cost for residential construction is square foot,0.2,0.0
what kind of diseases can cats get,1.0,1.0
what does zamboni do,0.0,0.0
what is Lexico syntactic errors?,0.0,0.0
why does ceramic absorb heat,1.0,1.0
cost for concrete,0.3333333333333333,0.0
what does the name laurie mean,0.5,0.0
When was the EURO formed,1.0,1.0
what is salmeterol,0.0,0.0
why did ancient rome build aqueducts,0.5,0.0
annual salary definition,0.2,0.0
when was herr steinbeck born,0.25,0.0
interquartile range means,0.3333333333333333,0.0
what is the origin of the word chester,1.0,0.5
process of clotting blood,0.2,0.0
what age is a child to be considered a dependent for tax purposes,1.0,1.0
how long to keep financial records irs,0.0,0.0
when should i not inject my lantus,0.5,0.0
what color is healthy urine,0.5,0.0
what are dew claws,0.3333333333333333,0.0
why is enzyme amylase affected by ph,0.0,0.0
antipsychotic medication side effects,1.0,1.0
cost to change name on passport,0.5,0.0
what is vanilla,0.3333333333333333,0.0
what is outlook.com used for,0.5,0.0
ethics medical definition,0.3333333333333333,0.0
do vitamins produce energy aerobically,0.25,0.0
procedural committee definition,0.25,0.0
what does professional conduct mean,1.0,1.0
how long does it take for a female dog to heal after spaying,1.0,1.0
what is 4th nerve palsy,1.0,1.0
where does translation of rna into proteins occur,1.0,1.0
average cost per square meter to build a garage,1.0,1.0
what kind of legs do sea turtles have,0.2,0.0
how long will food keep in the upright freezer without power,0.0,0.0
el senor de los cielos cast,1.0,1.0
does data roaming cost extra,1.0,1.0
cost to replace basement windows,1.0,1.0
what does protein and urobilinogen mean in urine,1.0,0.5
segments of dna that carry hereditary instructions are called,0.0,0.0
what colors does bougainvillea come in,1.0,1.0
“neo-traditional” definition,0.3333333333333333,0.0
what texture does hardened lava give,0.3333333333333333,0.0
average price for new construction per square foot,0.25,0.0
how do you use an area rug non slip with a rug pad,0.25,0.0
salary for mechanical engineer in india,1.0,1.0
what are healing stones used for,1.0,1.0
what element is in solder,0.0,0.0
what is bidirectional SFP,0.3333333333333333,0.0
what laws or acts did jfk pass,0.5,0.0
what is gamification in marketing,1.0,1.0
Synonyms for the Word Hungry,0.25,0.0
define express included contract terms,1.0,0.5
what are corals made of,0.25,0.0
should drivers be required to take a driving test after a certain age?,1.0,1.0
what is xanthine pills,1.0,1.0
average cost of rocket into space,0.5,0.0
what is a structural adaptation,0.5,0.0
mailing address for wyntree hoa,1.0,1.0
average cost of dog teeth cleaning,0.2,0.0
what is plexus,1.0,1.0
Where is the river Danube and where is its source and length,0.2,0.0
how much does a wedding blessing cost,0.5,0.0
how to bake a beef tenderloin,0.2,0.0
What is the name of food that the plants cells make,0.2,0.0
csu cost of attendance,1.0,1.0
what if the camera had been invented earlier,0.0,0.0
how much does pacemaker surgery cost,1.0,1.0
where did the civil rights act take place,0.0,0.0
how long does dental implant process take,0.3333333333333333,0.0
what arthritis is,0.0,0.0
oldest president to be elected,0.2,0.0
what is roast beef made of,0.3333333333333333,0.0
what does a mortgage pre approval mean,1.0,1.0
alternative names for vitamin a,0.5,0.0
what is detachment,0.5,0.0
what is the theme of prometheus,1.0,1.0
what causes lung disease,1.0,0.3333333333333333
refraction definition sound,1.0,1.0
what does stimming mean,0.0,0.0
where is stephanie powers now,1.0,1.0
is sunshine minting reputable,0.5,0.0
how long does a respiratory infection last,0.2,0.0
